,Series Name,Series Code,Country Name,Country Code,1966 [YR1966],1967 [YR1967],1968 [YR1968],1969 [YR1969],1970 [YR1970],1971 [YR1971],1972 [YR1972],1973 [YR1973],1974 [YR1974],1975 [YR1975],1976 [YR1976],1977 [YR1977],1978 [YR1978],1979 [YR1979],1980 [YR1980],1981 [YR1981],1982 [YR1982],1983 [YR1983],1984 [YR1984],1985 [YR1985],1986 [YR1986],1987 [YR1987],1988 [YR1988],1989 [YR1989],1990 [YR1990],1991 [YR1991],1992 [YR1992],1993 [YR1993],1994 [YR1994],1995 [YR1995],1996 [YR1996],1997 [YR1997],1998 [YR1998],1999 [YR1999],2000 [YR2000],2001 [YR2001],2002 [YR2002],2003 [YR2003],2004 [YR2004],2005 [YR2005],2006 [YR2006],2007 [YR2007],2008 [YR2008],2009 [YR2009],2010 [YR2010],2011 [YR2011],2012 [YR2012],2013 [YR2013],2014 [YR2014],2015 [YR2015]
0,Improved sanitation facilities (% of population with access),SH.STA.ACSN,Afghanistan,AFG,,,,,,,,,,,,,,,,,,,,,,,,,,20.5,20.5,20.5,20.6,20.6,21.1,21.7,22.2,22.8,23.4,23.9,24.5,25.1,25.7,26.3,26.9,27.4,28.0,28.7,29.3,29.9,30.5,31.1,31.8,31.9
1,Improved sanitation facilities (% of population with access),SH.STA.ACSN,Albania,ALB,,,,,,,,,,,,,,,,,,,,,,,,,78.1,78.2,78.3,78.4,78.6,79.4,80.2,81.0,81.8,82.6,83.4,84.2,85.0,85.8,86.6,87.4,88.1,88.9,89.6,90.2,90.9,91.5,92.1,92.7,93.2,93.2
2,Improved sanitation facilities (% of population with access),SH.STA.ACSN,Algeria,DZA,,,,,,,,,,,,,,,,,,,,,,,,,80.3,80.5,80.7,80.9,81.3,81.7,82.1,82.5,82.9,83.3,83.6,84.0,84.3,84.7,85.0,85.3,85.6,85.8,86.1,86.4,86.6,86.8,87.0,87.2,87.4,87.6
3,Improved sanitation facilities (% of population with access),SH.STA.ACSN,American Samoa,ASM,,,,,,,,,,,,,,,,,,,,,,,,,61.0,61.0,61.0,61.0,61.1,61.1,61.2,61.3,61.4,61.5,61.5,61.6,61.7,61.8,61.8,61.9,62.0,62.1,62.1,62.2,62.3,62.4,62.5,62.5,62.5,62.5
4,Improved sanitation facilities (% of population with access),SH.STA.ACSN,Andorra,ADO,,,,,,,,,,,,,,,,,,,,,,,,,100.0,100.0,100.0,100.0,100.0,100.0,100.0,100.0,100.0,100.0,100.0,100.0,100.0,100.0,100.0,100.0,100.0,100.0,100.0,100.0,100.0,100.0,100.0,100.0,100.0,100.0
5,Improved sanitation facilities (% of population with access),SH.STA.ACSN,Angola,AGO,,,,,,,,,,,,,,,,,,,,,,,,,22.4,22.8,23.1,23.5,24.2,25.5,26.8,28.1,29.4,30.8,32.1,33.5,34.8,36.2,37.6,39.0,40.4,41.8,43.3,44.7,46.2,47.6,49.1,50.6,51.1,51.6
6,Improved sanitation facilities (% of population with access),SH.STA.ACSN,Antigua and Barbuda,ATG,,,,,,,,,,,,,,,,,,,,,,,,,74.7,75.7,76.7,77.7,78.7,79.6,80.6,81.6,82.6,83.6,84.6,85.5,86.5,87.5,88.5,89.5,90.4,91.4,91.4,91.4,91.4,91.4,,,,
7,Improved sanitation facilities (% of population with access),SH.STA.ACSN,Argentina,ARG,,,,,,,,,,,,,,,,,,,,,,,,,87.4,87.9,88.3,88.7,89.1,89.5,89.9,90.2,90.6,91.0,91.4,91.7,92.1,92.5,92.8,93.2,93.5,93.9,94.2,94.5,94.9,95.2,95.5,95.8,96.1,96.4
8,Improved sanitation facilities (% of population with access),SH.STA.ACSN,Armenia,ARM,,,,,,,,,,,,,,,,,,,,,,,,,,,89.6,89.5,89.5,89.4,89.4,89.4,89.4,89.4,89.3,89.3,89.3,89.4,89.4,89.4,89.5,89.5,89.5,89.5,89.5,89.5,89.5,89.5,89.5,89.5
9,Improved sanitation facilities (% of population with access),SH.STA.ACSN,Aruba,ABW,,,,,,,,,,,,,,,,,,,,,,,,,98.6,98.6,98.5,98.5,98.4,98.4,98.3,98.3,98.3,98.2,98.2,98.1,98.1,98.0,98.0,98.0,97.9,97.9,97.8,97.8,97.7,97.7,97.7,97.7,97.7,97.7
10,Improved sanitation facilities (% of population with access),SH.STA.ACSN,Australia,AUS,,,,,,,,,,,,,,,,,,,,,,,,,100.0,100.0,100.0,100.0,100.0,100.0,100.0,100.0,100.0,100.0,100.0,100.0,100.0,100.0,100.0,100.0,100.0,100.0,100.0,100.0,100.0,100.0,100.0,100.0,100.0,100.0
11,Improved sanitation facilities (% of population with access),SH.STA.ACSN,Austria,AUT,,,,,,,,,,,,,,,,,,,,,,,,,100.0,100.0,100.0,100.0,100.0,100.0,100.0,100.0,100.0,100.0,100.0,100.0,100.0,100.0,100.0,100.0,100.0,100.0,100.0,100.0,100.0,100.0,100.0,100.0,100.0,100.0
12,Improved sanitation facilities (% of population with access),SH.STA.ACSN,Azerbaijan,AZE,,,,,,,,,,,,,,,,,,,,,,,,,,,,,62.7,62.7,62.6,62.5,62.4,64.0,65.6,67.2,68.8,70.5,72.1,73.7,75.3,76.8,78.4,80.0,81.6,83.2,84.7,86.3,87.9,89.3
13,Improved sanitation facilities (% of population with access),SH.STA.ACSN,"Bahamas, The",BHS,,,,,,,,,,,,,,,,,,,,,,,,,,,,,88.0,88.0,88.0,88.0,88.0,88.3,88.6,88.9,89.2,89.4,89.7,90.0,90.3,90.6,90.9,91.2,91.4,91.7,92.0,92.0,92.0,92.0
14,Improved sanitation facilities (% of population with access),SH.STA.ACSN,Bahrain,BHR,,,,,,,,,,,,,,,,,,,,,,,,,99.0,99.0,99.0,99.0,99.0,99.1,99.1,99.1,99.1,99.1,99.1,99.2,99.2,99.2,99.2,99.2,99.2,99.2,99.2,99.2,99.2,99.2,99.2,99.2,99.2,99.2
15,Improved sanitation facilities (% of population with access),SH.STA.ACSN,Bangladesh,BGD,,,,,,,,,,,,,,,,,,,,,,,,,34.4,35.6,36.7,37.8,38.9,40.0,41.1,42.2,43.3,44.3,45.4,46.5,47.6,48.6,49.7,50.7,51.8,52.8,53.8,54.8,55.8,56.8,57.7,58.7,59.6,60.6
16,Improved sanitation facilities (% of population with access),SH.STA.ACSN,Barbados,BRB,,,,,,,,,,,,,,,,,,,,,,,,,80.0,80.7,81.3,82.0,82.7,83.4,84.0,84.7,85.4,86.1,86.8,87.4,88.1,88.8,89.5,90.1,90.8,91.5,92.2,92.8,93.5,94.2,94.9,95.5,96.2,96.2
17,Improved sanitation facilities (% of population with access),SH.STA.ACSN,Belarus,BLR,,,,,,,,,,,,,,,,,,,,,,,,,95.1,95.1,95.1,95.0,95.0,95.0,95.0,95.0,94.9,94.9,94.8,94.8,94.8,94.7,94.7,94.6,94.6,94.6,94.5,94.5,94.5,94.4,94.4,94.4,94.3,94.3
18,Improved sanitation facilities (% of population with access),SH.STA.ACSN,Belgium,BEL,,,,,,,,,,,,,,,,,,,,,,,,,99.5,99.5,99.5,99.5,99.5,99.5,99.5,99.5,99.5,99.5,99.5,99.5,99.5,99.5,99.5,99.5,99.5,99.5,99.5,99.5,99.5,99.5,99.5,99.5,99.5,99.5
19,Improved sanitation facilities (% of population with access),SH.STA.ACSN,Belize,BLZ,,,,,,,,,,,,,,,,,,,,,,,,,75.9,76.6,77.3,77.9,78.6,79.3,80.0,80.6,81.3,82.0,82.7,83.3,84.0,84.6,85.3,86.0,86.6,87.3,87.9,88.6,89.2,89.9,90.2,90.6,90.5,90.5
20,Improved sanitation facilities (% of population with access),SH.STA.ACSN,Benin,BEN,,,,,,,,,,,,,,,,,,,,,,,,,6.8,7.3,7.9,8.4,8.9,9.4,9.9,10.4,10.9,11.4,11.9,12.4,12.9,13.4,14.0,14.5,15.1,15.6,16.2,16.7,17.3,17.8,18.4,19.0,19.6,19.7
21,Improved sanitation facilities (% of population with access),SH.STA.ACSN,Bermuda,BMU,,,,,,,,,,,,,,,,,,,,,,,,,,,,,,,,,,,,,,,,,,,,,,,,,,
22,Improved sanitation facilities (% of population with access),SH.STA.ACSN,Bhutan,BTN,,,,,,,,,,,,,,,,,,,,,,,,,18.9,19.2,19.4,20.8,22.2,23.6,25.0,26.4,27.9,29.4,31.0,32.5,34.1,35.7,37.4,39.0,40.5,42.1,43.6,45.2,46.8,48.3,49.4,49.7,50.1,50.4
23,Improved sanitation facilities (% of population with access),SH.STA.ACSN,Bolivia,BOL,,,,,,,,,,,,,,,,,,,,,,,,,28.4,29.4,30.4,31.4,32.3,33.2,34.1,35.0,35.9,36.8,37.7,38.6,39.5,40.4,41.3,42.2,43.1,44.0,44.9,45.8,46.7,47.5,48.4,49.3,50.2,50.3
24,Improved sanitation facilities (% of population with access),SH.STA.ACSN,Bosnia and Herzegovina,BIH,,,,,,,,,,,,,,,,,,,,,,,,,,,,,95.0,95.0,95.0,95.0,95.0,94.9,94.9,94.9,94.9,94.9,94.9,94.9,94.8,94.8,94.8,94.8,94.8,94.8,94.8,94.8,94.8,94.8
25,Improved sanitation facilities (% of population with access),SH.STA.ACSN,Botswana,BWA,,,,,,,,,,,,,,,,,,,,,,,,,39.3,41.4,42.7,43.8,44.9,46.1,47.2,48.3,49.4,50.5,51.6,52.7,53.7,54.5,55.4,56.3,57.2,58.0,58.9,59.8,60.6,61.5,62.4,63.3,63.3,63.4
26,Improved sanitation facilities (% of population with access),SH.STA.ACSN,Brazil,BRA,,,,,,,,,,,,,,,,,,,,,,,,,66.6,67.5,68.3,69.1,70.0,70.8,71.5,72.4,73.1,73.9,74.7,75.3,75.9,76.5,77.1,77.7,78.2,78.8,79.4,79.9,80.5,81.1,81.6,82.1,82.7,82.8
27,Improved sanitation facilities (% of population with access),SH.STA.ACSN,British Virgin Islands,VGB,,,,,,,,,,,,,,,,,,,,,,,,,97.5,97.5,97.5,97.5,97.5,97.5,97.5,97.5,97.5,97.5,97.5,97.5,97.5,97.5,97.5,97.5,97.5,97.5,97.5,97.5,97.5,97.5,97.5,97.5,97.5,97.5
28,Improved sanitation facilities (% of population with access),SH.STA.ACSN,Brunei Darussalam,BRN,,,,,,,,,,,,,,,,,,,,,,,,,,,,,,,,,,,,,,,,,,,,,,,,,,
29,Improved sanitation facilities (% of population with access),SH.STA.ACSN,Bulgaria,BGR,,,,,,,,,,,,,,,,,,,,,,,,,85.3,85.3,85.4,85.4,85.4,85.5,85.5,85.5,85.6,85.6,85.6,85.7,85.8,85.8,85.8,85.9,85.9,85.9,85.9,85.9,85.9,85.9,86.0,86.0,86.0,86.0
30,Improved sanitation facilities (% of population with access),SH.STA.ACSN,Burkina Faso,BFA,,,,,,,,,,,,,,,,,,,,,,,,,7.7,7.8,8.2,8.5,8.9,9.2,9.6,10.0,10.5,11.0,11.6,12.1,12.7,13.2,13.8,14.4,15.0,15.6,16.2,16.8,17.4,18.0,18.6,19.0,19.4,19.7
31,Improved sanitation facilities (% of population with access),SH.STA.ACSN,Burundi,BDI,,,,,,,,,,,,,,,,,,,,,,,,,41.7,42.0,42.2,42.5,42.7,43.0,43.3,43.5,43.8,44.0,44.3,44.6,44.8,45.1,45.3,45.6,45.9,46.1,46.4,46.7,46.9,47.2,47.5,47.8,48.0,48.0
32,Improved sanitation facilities (% of population with access),SH.STA.ACSN,Cabo Verde,CPV,,,,,,,,,,,,,,,,,,,,,,,,,,,33.5,33.9,34.2,34.6,35.0,37.1,39.3,41.5,43.6,45.7,47.8,49.9,52.0,54.0,56.1,58.1,60.2,62.2,64.2,66.2,68.1,70.1,72.0,72.2
33,Improved sanitation facilities (% of population with access),SH.STA.ACSN,Cambodia,KHM,,,,,,,,,,,,,,,,,,,,,,,,,2.9,3.0,3.1,4.2,6.0,7.7,9.4,11.2,12.9,14.6,16.3,18.0,19.8,21.5,23.2,24.9,26.6,28.4,30.1,31.9,33.6,35.4,37.2,39.0,40.8,42.4
34,Improved sanitation facilities (% of population with access),SH.STA.ACSN,Cameroon,CMR,,,,,,,,,,,,,,,,,,,,,,,,,39.9,40.1,40.3,40.6,40.8,41.0,41.3,41.5,41.7,42.0,42.2,42.4,42.7,42.9,43.2,43.4,43.7,43.9,44.2,44.4,44.7,44.9,45.2,45.4,45.6,45.8
35,Improved sanitation facilities (% of population with access),SH.STA.ACSN,Canada,CAN,,,,,,,,,,,,,,,,,,,,,,,,,99.8,99.8,99.8,99.8,99.8,99.8,99.8,99.8,99.8,99.8,99.8,99.8,99.8,99.8,99.8,99.8,99.8,99.8,99.8,99.8,99.8,99.8,99.8,99.8,99.8,99.8
36,Improved sanitation facilities (% of population with access),SH.STA.ACSN,Cayman Islands,CYM,,,,,,,,,,,,,,,,,,,,,,,,,95.6,95.5,95.5,95.6,95.5,95.6,95.6,95.5,95.6,95.5,95.5,95.6,95.5,95.5,95.6,95.5,95.6,95.6,95.5,95.6,95.6,95.6,95.6,95.6,95.5,95.6
37,Improved sanitation facilities (% of population with access),SH.STA.ACSN,Central African Republic,CAF,,,,,,,,,,,,,,,,,,,,,,,,,14.6,14.6,14.6,15.0,15.3,15.6,15.9,16.2,16.5,16.9,17.2,17.5,17.8,18.2,18.5,18.9,19.2,19.6,19.9,20.3,20.7,21.1,21.5,21.6,21.7,21.8
38,Improved sanitation facilities (% of population with access),SH.STA.ACSN,Chad,TCD,,,,,,,,,,,,,,,,,,,,,,,,,7.8,8.0,8.2,8.4,8.6,8.8,9.0,9.2,9.4,9.5,9.7,9.9,10.1,10.3,10.5,10.7,10.8,11.0,11.2,11.4,11.6,11.8,12.0,12.0,12.0,12.1
39,Improved sanitation facilities (% of population with access),SH.STA.ACSN,Channel Islands,CHI,,,,,,,,,,,,,,,,,,,,,,,,,,,,,,,,,,,,,,,,,,,,,,,,,,
40,Improved sanitation facilities (% of population with access),SH.STA.ACSN,Chile,CHL,,,,,,,,,,,,,,,,,,,,,,,,,84.8,85.5,86.2,86.9,87.6,88.3,89.0,89.7,90.3,91.0,91.7,92.3,92.9,93.6,94.2,94.8,95.4,96.0,96.6,97.1,97.7,98.3,98.8,99.0,99.0,99.1
41,Improved sanitation facilities (% of population with access),SH.STA.ACSN,China,CHN,,,,,,,,,,,,,,,,,,,,,,,,,47.5,48.6,49.8,50.9,52.0,53.2,54.3,55.4,56.6,57.7,58.8,60.0,61.2,62.4,63.7,64.9,66.1,67.2,68.4,69.6,70.8,71.9,73.1,74.2,75.4,76.5
42,Improved sanitation facilities (% of population with access),SH.STA.ACSN,Colombia,COL,,,,,,,,,,,,,,,,,,,,,,,,,69.0,69.6,70.2,70.9,71.5,72.0,72.5,73.1,73.6,74.1,74.6,75.1,75.6,76.1,76.6,77.1,77.5,78.0,78.4,78.9,79.3,79.8,80.2,80.6,81.1,81.1
43,Improved sanitation facilities (% of population with access),SH.STA.ACSN,Comoros,COM,,,,,,,,,,,,,,,,,,,,,,,,,18.2,18.9,19.5,20.0,20.5,21.3,22.1,22.8,23.6,24.3,25.1,25.8,26.6,27.4,28.1,28.9,29.6,30.4,31.2,31.9,32.7,33.5,34.2,35.0,35.8,35.8
44,Improved sanitation facilities (% of population with access),SH.STA.ACSN,"Congo, Dem. Rep.",ZAR,,,,,,,,,,,,,,,,,,,,,,,,,19.2,19.2,19.3,19.4,19.9,20.3,20.8,21.3,21.8,22.2,22.7,23.1,23.5,24.0,24.4,24.8,25.2,25.6,26.0,26.4,26.8,27.2,27.6,27.9,28.3,28.7
45,Improved sanitation facilities (% of population with access),SH.STA.ACSN,"Congo, Rep.",COG,,,,,,,,,,,,,,,,,,,,,,,,,,,,,,,,12.5,12.6,12.6,12.7,12.8,12.9,13.1,13.2,13.4,13.6,13.7,13.9,14.1,14.3,14.4,14.6,14.8,14.9,15.0
46,Improved sanitation facilities (% of population with access),SH.STA.ACSN,Costa Rica,CRI,,,,,,,,,,,,,,,,,,,,,,,,,88.4,88.7,89.1,89.4,89.7,90.0,90.3,90.6,90.9,91.2,91.4,91.7,92.0,92.3,92.6,92.8,93.0,93.3,93.5,93.7,93.9,94.1,94.3,94.5,94.5,94.5
47,Improved sanitation facilities (% of population with access),SH.STA.ACSN,Cote d'Ivoire,CIV,,,,,,,,,,,,,,,,,,,,,,,,,14.9,15.2,15.4,15.7,15.9,16.2,16.4,16.7,17.0,17.3,17.6,17.9,18.2,18.6,18.9,19.2,19.5,19.9,20.2,20.6,20.9,21.3,21.6,22.0,22.3,22.5
48,Improved sanitation facilities (% of population with access),SH.STA.ACSN,Croatia,HRV,,,,,,,,,,,,,,,,,,,,,,,,,97.3,97.3,97.3,97.3,97.3,97.3,97.3,97.3,97.3,97.3,97.3,97.3,97.3,97.3,97.2,97.2,97.2,97.2,97.1,97.1,97.1,97.1,97.1,97.1,97.1,97.0
49,Improved sanitation facilities (% of population with access),SH.STA.ACSN,Cuba,CUB,,,,,,,,,,,,,,,,,,,,,,,,,81.5,82.0,82.6,83.1,83.6,84.1,84.6,85.2,85.7,86.2,86.7,87.2,87.7,88.3,88.7,89.2,89.7,90.2,90.7,91.2,91.7,92.2,92.7,93.1,93.2,93.2
50,Improved sanitation facilities (% of population with access),SH.STA.ACSN,Curacao,CUW,,,,,,,,,,,,,,,,,,,,,,,,,,,,,,,,,,,,,,,,,,,,,,,,,,
51,Improved sanitation facilities (% of population with access),SH.STA.ACSN,Cyprus,CYP,,,,,,,,,,,,,,,,,,,,,,,,,100.0,100.0,100.0,100.0,100.0,100.0,100.0,100.0,100.0,100.0,100.0,100.0,100.0,100.0,100.0,100.0,100.0,100.0,100.0,100.0,100.0,100.0,100.0,100.0,100.0,100.0
52,Improved sanitation facilities (% of population with access),SH.STA.ACSN,Czech Republic,CZE,,,,,,,,,,,,,,,,,,,,,,,,,99.1,99.1,99.1,99.1,99.1,99.1,99.1,99.1,99.1,99.1,99.1,99.1,99.1,99.1,99.1,99.1,99.1,99.1,99.1,99.1,99.1,99.1,99.1,99.1,99.1,99.1
53,Improved sanitation facilities (% of population with access),SH.STA.ACSN,Denmark,DNK,,,,,,,,,,,,,,,,,,,,,,,,,99.6,99.6,99.6,99.6,99.6,99.6,99.6,99.6,99.6,99.6,99.6,99.6,99.6,99.6,99.6,99.6,99.6,99.6,99.6,99.6,99.6,99.6,99.6,99.6,99.6,99.6
54,Improved sanitation facilities (% of population with access),SH.STA.ACSN,Djibouti,DJI,,,,,,,,,,,,,,,,,,,,,,,,,66.1,66.2,66.2,66.2,66.2,65.1,64.0,62.9,61.7,60.6,59.5,58.4,57.3,56.1,55.0,53.9,52.8,51.7,50.6,49.5,48.4,47.3,47.3,47.3,47.4,47.4
55,Improved sanitation facilities (% of population with access),SH.STA.ACSN,Dominica,DMA,,,,,,,,,,,,,,,,,,,,,,,,,,,,,,81.1,81.1,81.1,81.1,81.1,81.1,81.1,81.1,81.1,81.1,81.1,81.1,81.1,,,,,,,,
56,Improved sanitation facilities (% of population with access),SH.STA.ACSN,Dominican Republic,DOM,,,,,,,,,,,,,,,,,,,,,,,,,73.0,73.4,73.8,74.2,74.7,75.2,75.6,76.1,76.6,77.0,77.5,77.9,78.4,78.9,79.4,79.9,80.4,80.8,81.3,81.7,82.1,82.5,82.9,83.3,83.6,84.0
57,Improved sanitation facilities (% of population with access),SH.STA.ACSN,Ecuador,ECU,,,,,,,,,,,,,,,,,,,,,,,,,57.0,58.4,59.7,61.0,62.3,63.5,64.8,66.0,67.2,68.5,69.7,70.8,72.0,73.1,74.2,75.3,76.4,77.4,78.5,79.6,80.7,81.7,82.8,83.8,84.7,84.7
58,Improved sanitation facilities (% of population with access),SH.STA.ACSN,"Egypt, Arab Rep.",EGY,,,,,,,,,,,,,,,,,,,,,,,,,73.4,74.5,75.5,76.6,77.7,78.8,79.8,81.0,82.1,83.2,84.3,85.5,86.6,87.7,88.8,90.0,91.1,92.2,93.3,94.4,94.7,94.7,94.7,94.7,94.7,94.7
59,Improved sanitation facilities (% of population with access),SH.STA.ACSN,El Salvador,SLV,,,,,,,,,,,,,,,,,,,,,,,,,51.1,52.1,53.1,54.3,55.6,56.9,58.1,59.3,60.5,61.5,62.4,63.3,64.2,65.1,65.9,66.8,67.7,68.5,69.4,70.2,71.0,71.8,72.6,73.4,74.2,75.0
60,Improved sanitation facilities (% of population with access),SH.STA.ACSN,Equatorial Guinea,GNQ,,,,,,,,,,,,,,,,,,,,,,,,,,,,,81.1,81.1,81.1,81.1,81.1,80.6,80.2,79.7,79.3,78.9,78.4,78.0,77.5,77.1,76.7,76.2,75.8,75.4,74.9,74.5,74.5,74.5
61,Improved sanitation facilities (% of population with access),SH.STA.ACSN,Eritrea,ERI,,,,,,,,,,,,,,,,,,,,,,,,,9.3,9.4,9.4,9.5,9.5,9.8,10.1,10.4,10.7,11.1,11.4,11.7,12.0,12.4,12.7,13.0,13.3,13.7,14.0,14.3,14.6,14.9,15.3,15.4,15.6,15.7
62,Improved sanitation facilities (% of population with access),SH.STA.ACSN,Estonia,EST,,,,,,,,,,,,,,,,,,,,,,,,,97.0,96.9,96.9,96.9,96.9,96.9,96.9,96.9,96.9,96.9,97.0,97.0,97.0,97.0,97.0,97.1,97.1,97.1,97.1,97.1,97.2,97.2,97.2,97.2,97.2,97.2
63,Improved sanitation facilities (% of population with access),SH.STA.ACSN,Ethiopia,ETH,,,,,,,,,,,,,,,,,,,,,,,,,2.6,2.6,2.7,2.8,2.9,3.0,3.0,4.6,5.9,7.3,8.6,9.9,11.2,12.6,13.9,15.2,16.5,17.8,19.1,20.4,21.7,23.0,24.3,25.5,26.8,28.0
64,Improved sanitation facilities (% of population with access),SH.STA.ACSN,Faroe Islands,FRO,,,,,,,,,,,,,,,,,,,,,,,,,,,,,,,,,,,,,,,,,,,,,,,,,,
65,Improved sanitation facilities (% of population with access),SH.STA.ACSN,Fiji,FJI,,,,,,,,,,,,,,,,,,,,,,,,,56.8,58.8,60.7,62.6,64.5,66.3,68.1,69.8,71.4,73.0,74.6,76.2,77.7,79.3,80.8,82.3,83.8,85.3,86.8,88.2,89.6,91.0,91.1,91.1,91.1,91.1
66,Improved sanitation facilities (% of population with access),SH.STA.ACSN,Finland,FIN,,,,,,,,,,,,,,,,,,,,,,,,,97.1,97.2,97.2,97.2,97.3,97.3,97.3,97.4,97.4,97.4,97.4,97.4,97.5,97.5,97.5,97.5,97.5,97.5,97.5,97.6,97.6,97.6,97.6,97.6,97.6,97.6
67,Improved sanitation facilities (% of population with access),SH.STA.ACSN,France,FRA,,,,,,,,,,,,,,,,,,,,,,,,,98.7,98.7,98.7,98.7,98.7,98.7,98.7,98.7,98.7,98.7,98.7,98.7,98.7,98.7,98.7,98.7,98.7,98.7,98.7,98.7,98.7,98.7,98.7,98.7,98.7,98.7
68,Improved sanitation facilities (% of population with access),SH.STA.ACSN,French Polynesia,PYF,,,,,,,,,,,,,,,,,,,,,,,,,97.9,97.9,97.9,97.9,97.9,97.9,97.9,98.0,98.0,98.0,98.0,98.1,98.1,98.1,98.2,98.2,98.2,98.3,98.3,98.3,98.4,98.4,98.4,98.5,98.5,98.5
69,Improved sanitation facilities (% of population with access),SH.STA.ACSN,Gabon,GAB,,,,,,,,,,,,,,,,,,,,,,,,,,,,,38.2,38.3,38.3,38.3,38.4,38.6,38.8,39.0,39.2,39.4,39.6,39.8,40.0,40.3,40.5,40.7,40.9,41.2,41.4,41.6,41.8,41.9
70,Improved sanitation facilities (% of population with access),SH.STA.ACSN,"Gambia, The",GMB,,,,,,,,,,,,,,,,,,,,,,,,,,,60.4,60.4,60.4,60.3,60.3,60.1,60.0,59.8,59.7,59.6,59.5,59.4,59.3,59.2,59.1,59.0,58.9,58.9,58.8,58.8,58.7,58.8,58.8,58.9
71,Improved sanitation facilities (% of population with access),SH.STA.ACSN,Georgia,GEO,,,,,,,,,,,,,,,,,,,,,,,,,97.8,97.8,97.8,97.8,97.8,97.8,97.7,97.6,96.9,96.3,95.7,95.0,94.4,93.7,93.1,92.5,91.8,91.2,90.5,89.9,89.3,88.7,88.1,87.5,86.9,86.3
72,Improved sanitation facilities (% of population with access),SH.STA.ACSN,Germany,DEU,,,,,,,,,,,,,,,,,,,,,,,,,99.2,99.2,99.2,99.2,99.2,99.2,99.2,99.2,99.2,99.2,99.2,99.2,99.2,99.2,99.2,99.2,99.2,99.2,99.2,99.2,99.2,99.2,99.2,99.2,99.2,99.2
73,Improved sanitation facilities (% of population with access),SH.STA.ACSN,Ghana,GHA,,,,,,,,,,,,,,,,,,,,,,,,,7.0,7.3,7.6,8.0,8.3,8.6,9.0,9.3,9.6,10.0,10.3,10.6,11.0,11.3,11.6,12.0,12.3,12.6,13.0,13.3,13.7,14.0,14.4,14.7,14.8,14.9
74,Improved sanitation facilities (% of population with access),SH.STA.ACSN,Gibraltar,GIB,,,,,,,,,,,,,,,,,,,,,,,,,,,,,,,,,,,,,,,,,,,,,,,,,,
75,Improved sanitation facilities (% of population with access),SH.STA.ACSN,Greece,GRC,,,,,,,,,,,,,,,,,,,,,,,,,92.5,92.8,93.1,93.4,93.7,94.0,94.3,94.6,94.9,95.2,95.5,95.8,96.2,96.5,96.8,97.1,97.4,97.7,98.0,98.2,98.5,98.8,99.0,99.0,99.0,99.0
76,Improved sanitation facilities (% of population with access),SH.STA.ACSN,Greenland,GRL,,,,,,,,,,,,,,,,,,,,,,,,,100.0,100.0,100.0,100.0,100.0,100.0,100.0,100.0,100.0,100.0,100.0,100.0,100.0,100.0,100.0,100.0,100.0,100.0,100.0,100.0,100.0,100.0,100.0,100.0,100.0,100.0
77,Improved sanitation facilities (% of population with access),SH.STA.ACSN,Grenada,GRD,,,,,,,,,,,,,,,,,,,,,,,,,98.0,98.0,98.0,98.0,98.0,98.0,98.0,98.0,98.0,98.0,98.0,98.0,98.0,98.0,98.0,98.0,98.0,98.0,98.0,98.0,98.0,98.0,98.0,98.0,98.0,98.0
78,Improved sanitation facilities (% of population with access),SH.STA.ACSN,Guam,GUM,,,,,,,,,,,,,,,,,,,,,,,,,88.6,88.7,88.7,88.8,88.8,88.9,88.9,89.0,89.1,89.1,89.2,89.2,89.3,89.3,89.4,89.4,89.5,89.6,89.6,89.7,89.7,89.8,89.8,89.8,89.8,89.8
79,Improved sanitation facilities (% of population with access),SH.STA.ACSN,Guatemala,GTM,,,,,,,,,,,,,,,,,,,,,,,,,47.2,48.0,48.7,49.5,50.2,50.9,51.7,52.4,53.1,53.8,54.6,55.3,56.0,56.7,57.4,58.1,58.8,59.5,60.2,60.9,61.6,62.2,62.9,63.6,63.7,63.9
80,Improved sanitation facilities (% of population with access),SH.STA.ACSN,Guinea,GIN,,,,,,,,,,,,,,,,,,,,,,,,,8.3,8.8,9.2,9.7,10.1,10.6,11.0,11.5,11.9,12.4,12.9,13.4,13.8,14.3,14.8,15.3,15.8,16.3,16.8,17.3,17.9,18.4,18.9,19.4,20.0,20.1
81,Improved sanitation facilities (% of population with access),SH.STA.ACSN,Guinea-Bissau,GNB,,,,,,,,,,,,,,,,,,,,,,,,,,,,,10.5,10.6,10.8,11.0,11.2,11.8,12.4,13.0,13.7,14.3,15.0,15.6,16.3,16.9,17.6,18.2,18.9,19.6,20.2,20.5,20.7,20.8
82,Improved sanitation facilities (% of population with access),SH.STA.ACSN,Guyana,GUY,,,,,,,,,,,,,,,,,,,,,,,,,75.7,75.7,76.1,76.5,76.9,77.3,77.7,78.1,78.5,78.9,79.2,79.6,80.0,80.4,80.8,81.2,81.6,82.0,82.4,82.8,83.2,83.6,83.6,83.6,83.6,83.7
83,Improved sanitation facilities (% of population with access),SH.STA.ACSN,Haiti,HTI,,,,,,,,,,,,,,,,,,,,,,,,,17.6,17.9,18.1,18.5,18.9,19.2,19.6,20.0,20.3,20.7,21.0,21.6,22.1,22.6,23.2,23.7,24.2,24.6,25.1,25.5,25.9,26.3,26.7,27.1,27.4,27.6
84,Improved sanitation facilities (% of population with access),SH.STA.ACSN,Honduras,HND,,,,,,,,,,,,,,,,,,,,,,,,,48.2,49.7,51.3,52.8,54.3,55.9,57.4,58.9,60.3,61.8,63.3,64.7,66.2,67.6,69.1,70.5,71.9,73.3,74.7,76.0,77.4,78.7,80.0,81.3,82.6,82.6
85,Improved sanitation facilities (% of population with access),SH.STA.ACSN,"Hong Kong SAR, China",HKG,,,,,,,,,,,,,,,,,,,,,,,,,,,,,,,,,,,,,,,,,,,,,,,,,,
86,Improved sanitation facilities (% of population with access),SH.STA.ACSN,Hungary,HUN,,,,,,,,,,,,,,,,,,,,,,,,,98.0,98.0,98.0,98.0,98.0,98.0,98.0,98.0,98.0,98.0,98.0,98.0,98.0,98.0,98.0,98.0,98.0,98.0,98.0,98.0,98.0,98.0,98.0,98.0,98.0,98.0
87,Improved sanitation facilities (% of population with access),SH.STA.ACSN,Iceland,ISL,,,,,,,,,,,,,,,,,,,,,,,,,98.8,98.8,98.8,98.8,98.8,98.8,98.8,98.8,98.8,98.8,98.8,98.8,98.8,98.8,98.8,98.8,98.8,98.8,98.8,98.8,98.8,98.8,98.8,98.8,98.8,98.8
88,Improved sanitation facilities (% of population with access),SH.STA.ACSN,India,IND,,,,,,,,,,,,,,,,,,,,,,,,,16.8,16.9,17.8,18.8,19.8,20.8,21.7,22.7,23.7,24.6,25.6,26.6,27.6,28.6,29.6,30.6,31.6,32.6,33.6,34.6,35.5,36.5,37.5,38.5,39.5,39.6
89,Improved sanitation facilities (% of population with access),SH.STA.ACSN,Indonesia,IDN,,,,,,,,,,,,,,,,,,,,,,,,,35.2,36.3,37.5,38.7,39.9,41.0,42.3,43.5,44.7,45.9,47.1,48.1,49.2,50.2,51.2,52.1,53.1,54.1,55.1,56.0,57.0,57.9,58.8,59.7,60.6,60.8
90,Improved sanitation facilities (% of population with access),SH.STA.ACSN,"Iran, Islamic Rep.",IRN,,,,,,,,,,,,,,,,,,,,,,,,,71.4,71.5,71.6,71.7,72.8,73.8,74.8,75.9,76.9,77.9,78.9,79.9,80.8,81.8,82.8,83.8,84.8,85.7,86.7,87.6,88.6,89.3,89.6,89.9,89.9,90.0
91,Improved sanitation facilities (% of population with access),SH.STA.ACSN,Iraq,IRQ,,,,,,,,,,,,,,,,,,,,,,,,,,71.8,71.7,71.6,71.6,71.5,72.2,73.0,73.7,74.5,75.3,76.2,76.9,77.7,78.5,79.3,80.1,80.9,81.7,82.5,83.3,84.0,84.8,85.6,85.6,85.6
92,Improved sanitation facilities (% of population with access),SH.STA.ACSN,Ireland,IRL,,,,,,,,,,,,,,,,,,,,,,,,,89.3,89.3,89.3,89.3,89.3,89.3,89.3,89.3,89.3,89.2,89.2,89.3,89.4,89.5,89.6,89.7,89.8,89.9,90.0,90.0,90.1,90.2,90.3,90.4,90.5,90.5
93,Improved sanitation facilities (% of population with access),SH.STA.ACSN,Isle of Man,IMY,,,,,,,,,,,,,,,,,,,,,,,,,,,,,,,,,,,,,,,,,,,,,,,,,,
94,Improved sanitation facilities (% of population with access),SH.STA.ACSN,Israel,ISR,,,,,,,,,,,,,,,,,,,,,,,,,100.0,100.0,100.0,100.0,100.0,100.0,100.0,100.0,100.0,100.0,100.0,100.0,100.0,100.0,100.0,100.0,100.0,100.0,100.0,100.0,100.0,100.0,100.0,100.0,100.0,100.0
95,Improved sanitation facilities (% of population with access),SH.STA.ACSN,Italy,ITA,,,,,,,,,,,,,,,,,,,,,,,,,99.5,99.5,99.5,99.5,99.5,99.5,99.5,99.5,99.5,99.5,99.5,99.5,99.5,99.5,99.5,99.5,99.5,99.5,99.5,99.5,99.5,99.5,99.5,99.5,99.5,99.5
96,Improved sanitation facilities (% of population with access),SH.STA.ACSN,Jamaica,JAM,,,,,,,,,,,,,,,,,,,,,,,,,79.8,79.9,80.0,80.1,80.2,80.3,80.3,80.4,80.5,80.6,80.7,80.8,80.9,81.0,81.0,81.1,81.2,81.3,81.4,81.5,81.6,81.6,81.7,81.8,81.8,81.8
97,Improved sanitation facilities (% of population with access),SH.STA.ACSN,Japan,JPN,,,,,,,,,,,,,,,,,,,,,,,,,100.0,100.0,100.0,100.0,100.0,100.0,100.0,100.0,100.0,100.0,100.0,100.0,100.0,100.0,100.0,100.0,100.0,100.0,100.0,100.0,100.0,100.0,100.0,100.0,100.0,100.0
98,Improved sanitation facilities (% of population with access),SH.STA.ACSN,Jordan,JOR,,,,,,,,,,,,,,,,,,,,,,,,,97.3,97.4,97.4,97.5,97.5,97.5,97.6,97.6,97.7,97.8,97.8,97.9,98.0,98.0,98.1,98.2,98.2,98.3,98.3,98.4,98.5,98.5,98.6,98.6,98.6,98.6
99,Improved sanitation facilities (% of population with access),SH.STA.ACSN,Kazakhstan,KAZ,,,,,,,,,,,,,,,,,,,,,,,,,96.4,96.4,96.4,96.4,96.4,96.5,96.6,96.6,96.7,96.7,96.8,96.8,96.9,97.0,97.0,97.1,97.1,97.2,97.3,97.3,97.4,97.4,97.5,97.5,97.5,97.5
100,Improved sanitation facilities (% of population with access),SH.STA.ACSN,Kenya,KEN,,,,,,,,,,,,,,,,,,,,,,,,,24.6,24.8,25.0,25.3,25.5,25.7,26.0,26.2,26.4,26.7,26.9,27.1,27.4,27.6,27.8,28.0,28.3,28.5,28.7,29.0,29.2,29.4,29.6,29.9,30.1,30.1
101,Improved sanitation facilities (% of population with access),SH.STA.ACSN,Kiribati,KIR,,,,,,,,,,,,,,,,,,,,,,,,,28.0,28.5,29.0,29.5,30.0,30.5,31.2,32.0,32.7,33.5,34.2,34.8,35.2,35.7,36.1,36.5,37.0,37.4,37.9,38.3,38.8,39.2,39.7,39.7,39.7,39.7
102,Improved sanitation facilities (% of population with access),SH.STA.ACSN,"Korea, Dem. Peopleâ€™s Rep.",PRK,,,,,,,,,,,,,,,,,,,,,,,,,,,53.3,53.3,53.3,53.3,53.3,55.2,57.1,59.0,60.9,62.8,64.7,66.6,68.5,70.4,72.3,74.2,76.1,78.0,79.9,81.8,81.8,81.9,81.9,81.9
103,Improved sanitation facilities (% of population with access),SH.STA.ACSN,"Korea, Rep.",KOR,,,,,,,,,,,,,,,,,,,,,,,,,100.0,100.0,100.0,100.0,100.0,100.0,100.0,100.0,100.0,100.0,100.0,100.0,100.0,100.0,100.0,100.0,100.0,100.0,100.0,100.0,100.0,100.0,100.0,100.0,100.0,100.0
104,Improved sanitation facilities (% of population with access),SH.STA.ACSN,Kosovo,KSV,,,,,,,,,,,,,,,,,,,,,,,,,,,,,,,,,,,,,,,,,,,,,,,,,,
105,Improved sanitation facilities (% of population with access),SH.STA.ACSN,Kuwait,KWT,,,,,,,,,,,,,,,,,,,,,,,,,100.0,100.0,100.0,100.0,100.0,100.0,100.0,100.0,100.0,100.0,100.0,100.0,100.0,100.0,100.0,100.0,100.0,100.0,100.0,100.0,100.0,100.0,100.0,100.0,100.0,100.0
106,Improved sanitation facilities (% of population with access),SH.STA.ACSN,Kyrgyz Republic,KGZ,,,,,,,,,,,,,,,,,,,,,,,,,91.2,91.2,91.2,91.2,91.2,91.3,91.4,91.5,91.6,91.7,91.8,91.9,92.0,92.1,92.2,92.3,92.4,92.5,92.6,92.7,92.8,92.9,93.0,93.1,93.2,93.3
107,Improved sanitation facilities (% of population with access),SH.STA.ACSN,Lao PDR,LAO,,,,,,,,,,,,,,,,,,,,,,,,,,,,,20.1,20.4,20.8,21.3,21.8,24.9,28.0,31.1,34.2,37.3,40.3,43.4,46.5,49.6,52.6,55.7,58.7,61.7,64.6,67.6,70.5,70.9
108,Improved sanitation facilities (% of population with access),SH.STA.ACSN,Latvia,LVA,,,,,,,,,,,,,,,,,,,,,,,,,,,,,,,,81.8,81.8,81.8,81.7,81.7,82.1,82.6,83.0,83.5,83.9,84.3,84.8,85.2,85.6,86.1,86.5,86.9,87.4,87.8
109,Improved sanitation facilities (% of population with access),SH.STA.ACSN,Lebanon,LBN,,,,,,,,,,,,,,,,,,,,,,,,,,,,,,,,,82.7,82.7,82.7,82.7,82.7,82.4,82.2,82.0,81.8,81.6,81.3,81.1,80.9,80.7,80.7,80.7,80.7,80.7
110,Improved sanitation facilities (% of population with access),SH.STA.ACSN,Lesotho,LSO,,,,,,,,,,,,,,,,,,,,,,,,,,,,,22.6,22.7,22.8,22.8,22.9,23.4,23.9,24.3,24.8,25.3,25.7,26.2,26.7,27.1,27.6,28.0,28.5,28.9,29.3,29.8,30.2,30.3
111,Improved sanitation facilities (% of population with access),SH.STA.ACSN,Liberia,LBR,,,,,,,,,,,,,,,,,,,,,,,,,,,,,13.7,13.1,12.5,12.6,12.6,12.9,13.1,13.4,13.6,13.8,14.1,14.3,14.6,14.8,15.1,15.3,15.6,15.8,16.1,16.4,16.6,16.9
112,Improved sanitation facilities (% of population with access),SH.STA.ACSN,Libya,LBY,,,,,,,,,,,,,,,,,,,,,,,,,96.5,96.5,96.5,96.5,96.5,96.5,96.5,96.5,96.5,96.5,96.5,96.5,96.5,96.5,96.5,96.5,96.5,96.5,96.6,96.6,96.6,96.6,96.6,96.6,96.6,96.6
113,Improved sanitation facilities (% of population with access),SH.STA.ACSN,Liechtenstein,LIE,,,,,,,,,,,,,,,,,,,,,,,,,,,,,,,,,,,,,,,,,,,,,,,,,,
114,Improved sanitation facilities (% of population with access),SH.STA.ACSN,Lithuania,LTU,,,,,,,,,,,,,,,,,,,,,,,,,82.8,83.2,83.5,83.9,84.3,84.7,85.0,85.4,85.8,86.2,86.6,86.9,87.3,87.7,88.1,88.5,88.9,89.3,89.7,90.1,90.5,90.8,91.2,91.6,92.0,92.4
115,Improved sanitation facilities (% of population with access),SH.STA.ACSN,Luxembourg,LUX,,,,,,,,,,,,,,,,,,,,,,,,,97.8,97.8,97.8,97.8,97.7,97.7,97.7,97.7,97.7,97.7,97.7,97.7,97.7,97.7,97.7,97.7,97.7,97.6,97.6,97.6,97.6,97.6,97.6,97.6,97.6,97.6
116,Improved sanitation facilities (% of population with access),SH.STA.ACSN,"Macao SAR, China",MAC,,,,,,,,,,,,,,,,,,,,,,,,,,,,,,,,,,,,,,,,,,,,,,,,,,
117,Improved sanitation facilities (% of population with access),SH.STA.ACSN,"Macedonia, FYR",MKD,,,,,,,,,,,,,,,,,,,,,,,,,,,,,,,,,,,89.8,89.8,89.8,89.8,89.8,90.0,90.1,90.3,90.5,90.6,90.8,91.0,91.0,90.9,90.9,90.9
118,Improved sanitation facilities (% of population with access),SH.STA.ACSN,Madagascar,MDG,,,,,,,,,,,,,,,,,,,,,,,,,9.4,9.5,9.6,9.7,9.8,9.9,10.0,10.0,10.1,10.2,10.3,10.4,10.5,10.6,10.6,10.8,10.9,11.0,11.1,11.2,11.4,11.5,11.6,11.7,11.9,12.0
119,Improved sanitation facilities (% of population with access),SH.STA.ACSN,Malawi,MWI,,,,,,,,,,,,,,,,,,,,,,,,,29.3,29.9,30.4,30.9,31.4,31.9,32.4,32.9,33.4,33.8,34.3,34.7,35.2,35.6,36.1,36.5,37.0,37.4,37.9,38.3,38.8,39.2,39.7,40.1,40.6,41.0
120,Improved sanitation facilities (% of population with access),SH.STA.ACSN,Malaysia,MYS,,,,,,,,,,,,,,,,,,,,,,,,,86.2,86.7,87.2,87.8,88.3,88.8,89.3,89.8,90.2,90.7,91.2,91.6,92.1,92.5,92.9,93.4,93.8,94.2,94.6,95.0,95.4,95.7,95.9,96.0,96.0,96.0
121,Improved sanitation facilities (% of population with access),SH.STA.ACSN,Maldives,MDV,,,,,,,,,,,,,,,,,,,,,,,,,68.0,68.0,67.9,67.9,67.9,69.7,71.7,73.7,75.6,77.5,79.4,81.5,83.5,85.4,87.3,89.1,90.9,92.6,94.2,95.8,97.3,98.0,98.0,98.0,98.0,97.9
122,Improved sanitation facilities (% of population with access),SH.STA.ACSN,Mali,MLI,,,,,,,,,,,,,,,,,,,,,,,,,14.1,14.4,14.8,15.2,15.6,16.0,16.3,16.7,17.1,17.5,18.0,18.4,18.9,19.3,19.7,20.2,20.6,21.1,21.5,22.0,22.4,22.9,23.3,23.8,24.2,24.7
123,Improved sanitation facilities (% of population with access),SH.STA.ACSN,Malta,MLT,,,,,,,,,,,,,,,,,,,,,,,,,100.0,100.0,100.0,100.0,100.0,100.0,100.0,100.0,100.0,100.0,100.0,100.0,100.0,100.0,100.0,100.0,100.0,100.0,100.0,100.0,100.0,100.0,100.0,100.0,100.0,100.0
124,Improved sanitation facilities (% of population with access),SH.STA.ACSN,Marshall Islands,MHL,,,,,,,,,,,,,,,,,,,,,,,,,64.6,65.2,65.7,66.3,66.8,67.4,67.9,68.5,69.0,69.5,70.1,70.6,71.1,71.6,72.1,72.7,73.2,73.7,74.2,74.7,75.2,75.7,76.2,76.7,76.8,76.9
125,Improved sanitation facilities (% of population with access),SH.STA.ACSN,Mauritania,MRT,,,,,,,,,,,,,,,,,,,,,,,,,15.6,15.8,16.0,16.2,17.2,18.2,19.3,20.4,21.5,22.6,23.7,24.8,26.0,27.2,28.4,29.5,30.8,32.0,33.2,34.4,35.7,36.9,38.2,39.5,39.7,40.0
126,Improved sanitation facilities (% of population with access),SH.STA.ACSN,Mauritius,MUS,,,,,,,,,,,,,,,,,,,,,,,,,91.1,91.1,91.1,91.1,91.1,91.1,91.1,91.1,91.1,91.2,91.4,91.5,91.6,91.8,91.9,92.0,92.2,92.3,92.4,92.6,92.7,92.9,93.0,93.2,93.2,93.1
127,Improved sanitation facilities (% of population with access),SH.STA.ACSN,Mexico,MEX,,,,,,,,,,,,,,,,,,,,,,,,,66.2,67.1,68.0,68.9,69.8,70.7,71.5,72.3,73.1,73.9,74.7,75.5,76.3,77.1,77.8,78.6,79.4,80.1,80.9,81.6,82.3,83.0,83.7,84.4,85.1,85.2
128,Improved sanitation facilities (% of population with access),SH.STA.ACSN,"Micronesia, Fed. Sts.",FSM,,,,,,,,,,,,,,,,,,,,,,,,,19.4,19.4,19.4,21.3,23.2,25.0,26.7,28.4,30.1,31.9,33.6,35.6,37.5,39.5,41.4,43.4,45.3,47.3,49.2,51.2,53.1,55.1,57.0,57.0,57.1,57.1
129,Improved sanitation facilities (% of population with access),SH.STA.ACSN,Moldova,MDA,,,,,,,,,,,,,,,,,,,,,,,,,,,71.7,71.7,71.7,71.7,71.6,71.9,72.1,72.4,72.7,72.9,73.2,73.4,73.7,73.9,74.2,74.5,74.7,75.0,75.3,75.5,75.8,76.1,76.4,76.4
130,Improved sanitation facilities (% of population with access),SH.STA.ACSN,Monaco,MCO,,,,,,,,,,,,,,,,,,,,,,,,,100.0,100.0,100.0,100.0,100.0,100.0,100.0,100.0,100.0,100.0,100.0,100.0,100.0,100.0,100.0,100.0,100.0,100.0,100.0,100.0,100.0,100.0,100.0,100.0,100.0,100.0
131,Improved sanitation facilities (% of population with access),SH.STA.ACSN,Mongolia,MNG,,,,,,,,,,,,,,,,,,,,,,,,,,,46.0,46.0,46.0,46.0,45.9,46.5,47.0,47.5,48.2,49.2,50.1,51.0,51.9,52.7,53.5,54.3,55.1,55.8,56.5,57.2,57.9,58.5,59.1,59.7
132,Improved sanitation facilities (% of population with access),SH.STA.ACSN,Montenegro,MNE,,,,,,,,,,,,,,,,,,,,,,,,,,,,,,,,,89.1,89.2,89.2,89.3,89.3,89.8,90.4,90.9,91.4,91.9,92.5,93.0,93.5,94.0,94.6,95.1,95.6,95.9
133,Improved sanitation facilities (% of population with access),SH.STA.ACSN,Morocco,MAR,,,,,,,,,,,,,,,,,,,,,,,,,52.4,53.8,55.1,56.4,57.7,58.8,59.8,60.9,61.9,62.9,64.0,65.0,66.0,66.9,67.9,68.9,69.9,70.9,71.9,72.9,73.8,74.7,75.6,76.5,76.6,76.7
134,Improved sanitation facilities (% of population with access),SH.STA.ACSN,Mozambique,MOZ,,,,,,,,,,,,,,,,,,,,,,,,,10.3,10.4,10.6,10.7,10.9,11.5,12.1,12.6,13.1,13.6,14.1,14.6,15.0,15.5,16.0,16.5,16.9,17.4,17.9,18.4,18.8,19.3,19.8,20.3,20.4,20.5
135,Improved sanitation facilities (% of population with access),SH.STA.ACSN,Myanmar,MMR,,,,,,,,,,,,,,,,,,,,,,,,,,54.1,54.2,54.2,54.3,54.4,55.9,57.4,58.9,60.4,61.9,63.4,64.9,66.4,67.9,69.4,70.8,72.3,73.8,75.2,76.6,78.0,79.4,79.5,79.5,79.6
136,Improved sanitation facilities (% of population with access),SH.STA.ACSN,Namibia,NAM,,,,,,,,,,,,,,,,,,,,,,,,,24.0,24.2,24.6,24.9,25.3,25.7,26.0,26.4,26.7,27.1,27.4,27.8,28.3,28.8,29.3,29.8,30.3,30.8,31.3,31.7,32.2,32.7,33.1,33.6,34.0,34.4
137,Improved sanitation facilities (% of population with access),SH.STA.ACSN,Nauru,NRU,,,,,,,,,,,,,,,,,,,,,,,,,65.7,65.7,65.7,65.7,65.7,65.7,65.7,65.7,65.7,65.7,65.7,65.7,65.7,65.7,65.7,65.7,65.7,65.6,65.6,65.6,65.6,65.6,65.6,65.6,65.6,65.6
138,Improved sanitation facilities (% of population with access),SH.STA.ACSN,Nepal,NPL,,,,,,,,,,,,,,,,,,,,,,,,,4.5,6.2,7.9,9.7,11.4,13.1,14.8,16.6,18.3,20.0,21.7,23.4,25.0,26.6,28.3,29.9,31.5,33.1,34.7,36.3,37.9,39.5,41.1,42.6,44.2,45.8
139,Improved sanitation facilities (% of population with access),SH.STA.ACSN,Netherlands,NLD,,,,,,,,,,,,,,,,,,,,,,,,,98.3,98.2,98.2,98.2,98.2,98.2,98.1,98.1,98.1,98.1,98.1,98.0,98.0,98.0,97.9,97.9,97.9,97.9,97.8,97.8,97.8,97.8,97.8,97.8,97.7,97.7
140,Improved sanitation facilities (% of population with access),SH.STA.ACSN,New Caledonia,NCL,,,,,,,,,,,,,,,,,,,,,,,,,100.0,100.0,100.0,100.0,100.0,100.0,100.0,100.0,100.0,100.0,100.0,100.0,100.0,100.0,100.0,100.0,100.0,100.0,100.0,100.0,100.0,100.0,100.0,100.0,100.0,100.0
141,Improved sanitation facilities (% of population with access),SH.STA.ACSN,New Zealand,NZL,,,,,,,,,,,,,,,,,,,,,,,,,,,,,,,,,,,,,,,,,,,,,,,,,,
142,Improved sanitation facilities (% of population with access),SH.STA.ACSN,Nicaragua,NIC,,,,,,,,,,,,,,,,,,,,,,,,,43.9,45.0,46.0,47.1,48.1,49.2,50.2,51.3,52.3,53.4,54.4,55.5,56.5,57.5,58.6,59.6,60.6,61.6,62.7,63.7,64.7,65.7,66.8,67.8,67.8,67.9
143,Improved sanitation facilities (% of population with access),SH.STA.ACSN,Niger,NER,,,,,,,,,,,,,,,,,,,,,,,,,3.9,4.2,4.4,4.7,5.0,5.2,5.5,5.8,6.0,6.3,6.6,6.8,7.1,7.4,7.7,7.9,8.2,8.5,8.8,9.1,9.5,9.8,10.1,10.5,10.8,10.9
144,Improved sanitation facilities (% of population with access),SH.STA.ACSN,Nigeria,NGA,,,,,,,,,,,,,,,,,,,,,,,,,38.1,37.7,37.2,36.8,36.4,36.0,35.6,35.2,34.8,34.4,34.0,33.7,33.3,32.9,32.6,32.2,31.9,31.5,31.2,30.8,30.5,30.2,29.9,29.6,29.3,29.0
145,Improved sanitation facilities (% of population with access),SH.STA.ACSN,Northern Mariana Islands,MNP,,,,,,,,,,,,,,,,,,,,,,,,,68.7,69.2,69.7,70.2,70.7,71.2,71.7,72.2,72.7,73.2,73.7,74.2,74.7,75.2,75.7,76.2,76.7,77.2,77.7,78.2,78.7,79.2,79.7,79.7,79.7,79.7
146,Improved sanitation facilities (% of population with access),SH.STA.ACSN,Norway,NOR,,,,,,,,,,,,,,,,,,,,,,,,,98.1,98.1,98.1,98.1,98.1,98.1,98.1,98.1,98.1,98.1,98.1,98.1,98.1,98.1,98.1,98.1,98.1,98.1,98.1,98.1,98.1,98.1,98.1,98.1,98.1,98.1
147,Improved sanitation facilities (% of population with access),SH.STA.ACSN,Oman,OMN,,,,,,,,,,,,,,,,,,,,,,,,,81.8,82.4,83.1,83.7,84.0,84.8,85.7,86.5,87.3,88.2,89.0,89.8,90.7,91.5,92.4,93.3,94.2,95.0,95.9,96.7,96.7,96.7,96.7,96.7,96.7,96.7
148,Improved sanitation facilities (% of population with access),SH.STA.ACSN,Pakistan,PAK,,,,,,,,,,,,,,,,,,,,,,,,,23.7,23.8,24.0,24.1,26.0,27.8,29.6,31.4,33.2,35.0,36.9,38.7,40.5,42.3,44.1,45.9,47.6,49.4,51.2,53.0,54.8,56.5,58.3,60.0,61.8,63.5
149,Improved sanitation facilities (% of population with access),SH.STA.ACSN,Palau,PLW,,,,,,,,,,,,,,,,,,,,,,,,,46.5,50.1,53.7,57.3,60.9,64.5,67.7,71.0,74.3,77.6,81.0,84.8,88.5,92.1,95.6,98.0,99.3,100.0,100.0,100.0,100.0,100.0,100.0,100.0,100.0,100.0
150,Improved sanitation facilities (% of population with access),SH.STA.ACSN,Panama,PAN,,,,,,,,,,,,,,,,,,,,,,,,,59.0,59.9,60.7,61.5,62.3,63.0,63.8,64.6,65.3,66.1,66.8,67.4,67.9,68.5,69.0,69.6,70.1,70.7,71.2,71.8,72.3,72.9,73.4,73.9,74.5,75.0
151,Improved sanitation facilities (% of population with access),SH.STA.ACSN,Papua New Guinea,PNG,,,,,,,,,,,,,,,,,,,,,,,,,20.2,20.1,20.0,19.9,19.8,19.7,19.6,19.5,19.4,19.3,19.2,19.2,19.1,19.1,19.1,19.1,19.1,19.0,19.0,19.0,19.0,18.9,18.9,18.9,18.9,18.9
152,Improved sanitation facilities (% of population with access),SH.STA.ACSN,Paraguay,PRY,,,,,,,,,,,,,,,,,,,,,,,,,52.3,54.0,55.7,57.4,59.0,60.6,62.2,63.8,65.4,67.0,68.5,70.1,71.6,73.0,74.4,75.8,77.2,78.6,80.0,81.3,82.7,84.1,85.4,86.8,87.8,88.6
153,Improved sanitation facilities (% of population with access),SH.STA.ACSN,Peru,PER,,,,,,,,,,,,,,,,,,,,,,,,,52.8,53.9,54.9,55.9,57.0,58.0,59.0,60.0,61.0,62.0,62.9,63.9,64.8,65.8,66.7,67.6,68.5,69.4,70.3,71.2,72.0,72.9,73.7,74.6,75.4,76.2
154,Improved sanitation facilities (% of population with access),SH.STA.ACSN,Philippines,PHL,,,,,,,,,,,,,,,,,,,,,,,,,57.1,57.8,58.4,59.1,59.8,60.5,61.1,61.8,62.5,63.2,63.8,64.5,65.1,65.8,66.4,67.1,67.8,68.4,69.1,69.8,70.5,71.1,71.8,72.5,73.2,73.9
155,Improved sanitation facilities (% of population with access),SH.STA.ACSN,Poland,POL,,,,,,,,,,,,,,,,,,,,,,,,,,,,,,,87.0,87.0,87.0,87.0,87.0,87.8,88.5,89.2,89.9,90.6,91.3,92.1,92.8,93.5,94.3,95.0,95.7,96.5,97.2,97.2
156,Improved sanitation facilities (% of population with access),SH.STA.ACSN,Portugal,PRT,,,,,,,,,,,,,,,,,,,,,,,,,92.8,93.2,93.5,93.9,94.2,94.5,94.9,95.2,95.5,95.8,96.2,96.5,96.8,97.1,97.3,97.6,97.9,98.2,98.5,98.7,99.0,99.2,99.5,99.6,99.7,99.7
157,Improved sanitation facilities (% of population with access),SH.STA.ACSN,Puerto Rico,PRI,,,,,,,,,,,,,,,,,,,,,,,,,99.3,99.3,99.3,99.3,99.3,99.3,99.3,99.3,99.3,99.3,99.3,99.3,99.3,99.3,99.3,99.3,99.3,99.3,99.3,99.3,99.3,99.3,99.3,99.3,99.3,99.3
158,Improved sanitation facilities (% of population with access),SH.STA.ACSN,Qatar,QAT,,,,,,,,,,,,,,,,,,,,,,,,,99.9,99.9,99.9,99.9,99.9,99.9,99.9,99.8,99.6,99.5,99.4,99.3,99.2,99.1,98.9,98.8,98.7,98.6,98.5,98.4,98.3,98.1,98.0,98.0,98.0,98.0
159,Improved sanitation facilities (% of population with access),SH.STA.ACSN,Romania,ROM,,,,,,,,,,,,,,,,,,,,,,,,,70.4,71.0,71.4,71.7,72.0,72.3,72.6,72.9,73.2,73.5,73.8,74.1,74.4,74.8,75.2,75.6,75.9,76.3,76.7,77.1,77.5,77.9,78.3,78.6,79.0,79.1
160,Improved sanitation facilities (% of population with access),SH.STA.ACSN,Russian Federation,RUS,,,,,,,,,,,,,,,,,,,,,,,,,72.7,72.7,72.7,72.6,72.6,72.6,72.6,72.5,72.5,72.5,72.5,72.4,72.4,72.4,72.4,72.4,72.3,72.3,72.3,72.3,72.3,72.3,72.2,72.2,72.2,72.2
161,Improved sanitation facilities (% of population with access),SH.STA.ACSN,Rwanda,RWA,,,,,,,,,,,,,,,,,,,,,,,,,33.3,34.5,35.9,37.3,38.8,40.2,41.6,43.0,44.2,45.4,46.6,47.8,48.9,50.0,51.1,52.2,53.3,54.3,55.3,56.3,57.2,58.2,59.1,60.0,60.8,61.6
162,Improved sanitation facilities (% of population with access),SH.STA.ACSN,Samoa,WSM,,,,,,,,,,,,,,,,,,,,,,,,,92.7,92.7,92.6,92.6,92.5,92.5,92.4,92.4,92.3,92.3,92.2,92.2,92.1,92.1,92.0,92.0,91.9,91.8,91.8,91.7,91.7,91.6,91.6,91.5,91.5,91.5
163,Improved sanitation facilities (% of population with access),SH.STA.ACSN,San Marino,SMR,,,,,,,,,,,,,,,,,,,,,,,,,,,,,,,,,,,,,,,,,,,,,,,,,,
164,Improved sanitation facilities (% of population with access),SH.STA.ACSN,Sao Tome and Principe,STP,,,,,,,,,,,,,,,,,,,,,,,,,,,,,18.1,18.2,18.3,18.4,18.6,19.7,20.9,22.1,23.3,24.5,25.7,26.9,28.1,29.4,30.6,31.8,33.0,34.3,34.4,34.5,34.6,34.7
165,Improved sanitation facilities (% of population with access),SH.STA.ACSN,Saudi Arabia,SAU,,,,,,,,,,,,,,,,,,,,,,,,,91.5,91.5,92.1,92.7,93.3,93.9,94.4,95.0,95.6,96.2,96.8,97.3,97.9,98.5,99.1,99.7,100.0,100.0,100.0,100.0,100.0,100.0,100.0,100.0,100.0,100.0
166,Improved sanitation facilities (% of population with access),SH.STA.ACSN,Senegal,SEN,,,,,,,,,,,,,,,,,,,,,,,,,35.5,36.0,36.5,37.0,37.4,37.9,38.4,38.9,39.3,39.8,40.3,40.7,41.2,41.7,42.1,42.6,43.1,43.6,44.1,44.6,45.1,45.6,46.1,46.6,47.1,47.6
167,Improved sanitation facilities (% of population with access),SH.STA.ACSN,Serbia,SRB,,,,,,,,,,,,,,,,,,,,,,,,,96.8,96.8,96.8,96.9,96.9,96.9,96.9,96.9,96.9,96.9,96.9,96.9,96.8,96.8,96.8,96.7,96.7,96.7,96.6,96.6,96.6,96.5,96.5,96.5,96.5,96.4
168,Improved sanitation facilities (% of population with access),SH.STA.ACSN,Seychelles,SYC,,,,,,,,,,,,,,,,,,,,,,,,,98.4,98.4,98.4,98.4,98.4,98.4,98.4,98.4,98.4,98.4,98.4,98.4,98.4,98.4,98.4,98.4,98.4,98.4,98.4,98.4,98.4,98.4,98.4,98.4,98.4,98.4
169,Improved sanitation facilities (% of population with access),SH.STA.ACSN,Sierra Leone,SLE,,,,,,,,,,,,,,,,,,,,,,,,,10.1,10.2,10.4,10.5,10.6,10.7,10.8,11.0,11.1,11.2,11.3,11.5,11.6,11.7,11.8,11.9,12.1,12.2,12.3,12.5,12.6,12.7,12.8,13.0,13.1,13.3
170,Improved sanitation facilities (% of population with access),SH.STA.ACSN,Singapore,SGP,,,,,,,,,,,,,,,,,,,,,,,,,99.2,99.2,99.3,99.3,99.4,99.4,99.5,99.5,99.6,99.6,99.7,99.8,99.8,99.9,99.9,100.0,100.0,100.0,100.0,100.0,100.0,100.0,100.0,100.0,100.0,100.0
171,Improved sanitation facilities (% of population with access),SH.STA.ACSN,Sint Maarten (Dutch part),SXM,,,,,,,,,,,,,,,,,,,,,,,,,,,,,,,,,,,,,,,,,,,,,,,,,,
172,Improved sanitation facilities (% of population with access),SH.STA.ACSN,Slovak Republic,SVK,,,,,,,,,,,,,,,,,,,,,,,,,98.9,98.9,98.9,98.9,98.9,98.9,98.9,98.9,98.9,98.9,98.9,98.9,98.9,98.9,98.9,98.9,98.8,98.8,98.8,98.8,98.8,98.8,98.8,98.8,98.8,98.8
173,Improved sanitation facilities (% of population with access),SH.STA.ACSN,Slovenia,SVN,,,,,,,,,,,,,,,,,,,,,,,,,99.1,99.1,99.1,99.1,99.1,99.1,99.1,99.1,99.1,99.1,99.1,99.1,99.1,99.1,99.1,99.1,99.1,99.1,99.1,99.1,99.1,99.1,99.1,99.1,99.1,99.1
174,Improved sanitation facilities (% of population with access),SH.STA.ACSN,Solomon Islands,SLB,,,,,,,,,,,,,,,,,,,,,,,,,,,,,,,,,,,25.5,25.7,26.0,26.2,26.5,26.8,27.1,27.4,27.7,28.0,28.3,28.6,28.9,29.2,29.5,29.8
175,Improved sanitation facilities (% of population with access),SH.STA.ACSN,Somalia,SOM,,,,,,,,,,,,,,,,,,,,,,,,,,,,21.2,21.3,21.4,21.5,21.6,21.7,21.8,21.8,21.9,22.0,22.1,22.3,22.4,22.6,22.7,22.9,23.1,23.3,23.5,,,,
176,Improved sanitation facilities (% of population with access),SH.STA.ACSN,South Africa,ZAF,,,,,,,,,,,,,,,,,,,,,,,,,51.4,51.5,51.6,52.3,53.1,53.8,54.5,55.1,55.8,56.5,57.2,57.8,58.5,59.2,59.8,60.4,61.1,61.7,62.3,62.9,63.5,64.1,64.7,65.3,65.8,66.4
177,Improved sanitation facilities (% of population with access),SH.STA.ACSN,South Sudan,SSD,,,,,,,,,,,,,,,,,,,,,,,,,,,,,,,,,,,,,,,,,,,,,,6.6,6.6,6.7,6.7,6.7
178,Improved sanitation facilities (% of population with access),SH.STA.ACSN,Spain,ESP,,,,,,,,,,,,,,,,,,,,,,,,,99.9,99.9,99.9,99.9,99.9,99.9,99.9,99.9,99.9,99.9,99.9,99.9,99.9,99.9,99.9,99.9,99.9,99.9,99.9,99.9,99.9,99.9,99.9,99.9,99.9,99.9
179,Improved sanitation facilities (% of population with access),SH.STA.ACSN,Sri Lanka,LKA,,,,,,,,,,,,,,,,,,,,,,,,,70.7,71.8,72.8,73.9,74.9,76.0,77.0,78.0,79.1,80.1,81.2,82.2,83.3,84.3,85.4,86.4,87.5,88.5,89.6,90.6,91.7,92.7,93.8,94.8,95.1,95.1
180,Improved sanitation facilities (% of population with access),SH.STA.ACSN,St. Kitts and Nevis,KNA,,,,,,,,,,,,,,,,,,,,,,,,,,,,,,87.3,87.3,87.3,87.3,87.3,87.3,87.3,87.3,87.3,87.3,87.3,87.3,87.3,,,,,,,,
181,Improved sanitation facilities (% of population with access),SH.STA.ACSN,St. Lucia,LCA,,,,,,,,,,,,,,,,,,,,,,,,,78.2,78.7,79.2,79.7,80.2,80.6,81.1,81.6,82.1,82.6,83.1,83.6,84.1,84.6,85.1,85.7,86.2,86.8,87.3,87.9,88.5,89.0,89.5,90.0,90.5,90.5
182,Improved sanitation facilities (% of population with access),SH.STA.ACSN,St. Martin (French part),MAF,,,,,,,,,,,,,,,,,,,,,,,,,,,,,,,,,,,,,,,,,,,,,,,,,,
183,Improved sanitation facilities (% of population with access),SH.STA.ACSN,St. Vincent and the Grenadines,VCT,,,,,,,,,,,,,,,,,,,,,,,,,63.2,64.2,65.2,66.2,67.2,68.2,69.2,70.2,71.2,72.2,73.2,74.2,75.1,76.1,76.1,76.1,76.1,76.1,,,,,,,,
184,Improved sanitation facilities (% of population with access),SH.STA.ACSN,Sudan,SDN,,,,,,,,,,,,,,,,,,,,,,,,,26.8,27.2,27.4,27.4,27.2,26.9,26.6,26.4,26.0,25.7,25.4,25.1,24.8,24.5,24.3,24.0,23.7,23.4,23.1,22.8,22.5,23.5,23.5,23.6,23.6,
185,Improved sanitation facilities (% of population with access),SH.STA.ACSN,Suriname,SUR,,,,,,,,,,,,,,,,,,,,,,,,,,,,,81.1,81.1,81.1,81.1,81.2,81.0,80.9,80.8,80.7,80.6,80.5,80.3,80.2,80.0,79.9,79.7,79.6,79.4,79.3,79.2,79.2,79.2
186,Improved sanitation facilities (% of population with access),SH.STA.ACSN,Swaziland,SWZ,,,,,,,,,,,,,,,,,,,,,,,,,48.5,48.5,48.5,48.5,49.0,49.5,50.0,50.4,50.9,51.4,51.8,52.3,52.7,53.2,53.7,54.1,54.6,55.1,55.6,56.0,56.5,57.0,57.5,57.5,57.5,57.5
187,Improved sanitation facilities (% of population with access),SH.STA.ACSN,Sweden,SWE,,,,,,,,,,,,,,,,,,,,,,,,,99.3,99.3,99.3,99.3,99.3,99.3,99.3,99.3,99.3,99.3,99.3,99.3,99.3,99.3,99.3,99.3,99.3,99.3,99.3,99.3,99.3,99.3,99.3,99.3,99.3,99.3
188,Improved sanitation facilities (% of population with access),SH.STA.ACSN,Switzerland,CHE,,,,,,,,,,,,,,,,,,,,,,,,,99.9,99.9,99.9,99.9,99.9,99.9,99.9,99.9,99.9,99.9,99.9,99.9,99.9,99.9,99.9,99.9,99.9,99.9,99.9,99.9,99.9,99.9,99.9,99.9,99.9,99.9
189,Improved sanitation facilities (% of population with access),SH.STA.ACSN,Syrian Arab Republic,SYR,,,,,,,,,,,,,,,,,,,,,,,,,84.5,84.6,84.6,84.7,84.7,85.4,86.0,86.7,87.4,88.0,88.6,89.3,89.9,90.5,91.1,91.7,92.3,92.9,93.5,94.0,94.6,95.2,95.7,95.7,95.7,95.7
190,Improved sanitation facilities (% of population with access),SH.STA.ACSN,Tajikistan,TJK,,,,,,,,,,,,,,,,,,,,,,,,,,,,89.5,89.5,89.5,89.5,89.5,89.8,90.1,90.4,90.7,91.1,91.4,91.7,92.1,92.4,92.7,93.0,93.4,93.7,94.0,94.4,94.7,95.0,95.0
191,Improved sanitation facilities (% of population with access),SH.STA.ACSN,Tanzania,TZA,,,,,,,,,,,,,,,,,,,,,,,,,6.5,6.8,7.0,7.3,7.5,7.8,8.1,8.4,8.7,9.0,9.3,9.6,9.9,10.2,10.6,11.0,11.4,11.8,12.2,12.6,13.1,13.6,14.0,14.5,15.0,15.6
192,Improved sanitation facilities (% of population with access),SH.STA.ACSN,Thailand,THA,,,,,,,,,,,,,,,,,,,,,,,,,86.9,87.3,87.8,88.2,88.7,89.1,89.6,90.0,90.5,90.9,91.3,91.7,92.1,92.5,92.8,93.2,93.5,93.5,93.5,93.4,93.3,93.3,93.2,93.1,93.0,93.0
193,Improved sanitation facilities (% of population with access),SH.STA.ACSN,Timor-Leste,TMP,,,,,,,,,,,,,,,,,,,,,,,,,,,,,,37.1,37.1,37.2,37.3,37.3,37.4,37.4,37.5,37.6,37.7,37.8,38.0,38.3,38.5,38.8,39.1,39.5,39.8,40.1,40.4,40.6
194,Improved sanitation facilities (% of population with access),SH.STA.ACSN,Togo,TGO,,,,,,,,,,,,,,,,,,,,,,,,,11.6,11.6,11.5,11.5,11.5,11.5,11.5,11.4,11.4,11.4,11.4,11.4,11.4,11.4,11.4,11.4,11.4,11.4,11.5,11.5,11.5,11.5,11.5,11.6,11.6,11.6
195,Improved sanitation facilities (% of population with access),SH.STA.ACSN,Tonga,TON,,,,,,,,,,,,,,,,,,,,,,,,,94.4,94.2,94.1,94.0,93.8,93.7,93.5,93.4,93.2,93.1,93.0,92.8,92.7,92.5,92.4,92.3,92.1,92.0,91.8,91.7,91.6,91.4,91.3,91.1,91.0,91.0
196,Improved sanitation facilities (% of population with access),SH.STA.ACSN,Trinidad and Tobago,TTO,,,,,,,,,,,,,,,,,,,,,,,,,89.9,90.0,90.1,90.2,90.2,90.3,90.4,90.5,90.5,90.6,90.7,90.8,90.8,90.9,91.0,91.1,91.1,91.2,91.3,91.4,91.4,91.5,91.5,91.5,91.5,91.5
197,Improved sanitation facilities (% of population with access),SH.STA.ACSN,Tunisia,TUN,,,,,,,,,,,,,,,,,,,,,,,,,72.6,73.7,74.8,75.9,76.9,77.8,78.6,79.4,80.3,81.1,81.9,82.7,83.4,84.2,85.0,85.6,86.3,87.0,87.7,88.3,89.0,89.6,90.3,90.9,91.6,91.6
198,Improved sanitation facilities (% of population with access),SH.STA.ACSN,Turkey,TUR,,,,,,,,,,,,,,,,,,,,,,,,,82.9,83.2,83.8,84.3,84.9,85.5,86.0,86.6,87.1,87.6,88.1,88.6,89.1,89.7,90.1,90.6,91.1,91.6,92.0,92.5,92.9,93.3,93.7,94.1,94.5,94.9
199,Improved sanitation facilities (% of population with access),SH.STA.ACSN,Turkmenistan,TKM,,,,,,,,,,,,,,,,,,,,,,,,,,,,,62.0,62.0,62.1,62.1,62.2,62.3,62.3,62.4,62.4,62.5,62.6,62.6,62.7,,,,,,,,,
200,Improved sanitation facilities (% of population with access),SH.STA.ACSN,Turks and Caicos Islands,TCA,,,,,,,,,,,,,,,,,,,,,,,,,,,,,,81.4,81.4,81.4,81.4,81.4,81.4,81.4,81.4,81.4,81.4,81.4,81.4,81.4,,,,,,,,
201,Improved sanitation facilities (% of population with access),SH.STA.ACSN,Tuvalu,TUV,,,,,,,,,,,,,,,,,,,,,,,,,73.1,73.6,74.2,74.7,75.2,75.7,76.3,76.8,77.3,77.9,78.4,78.9,79.5,80.0,80.5,81.1,81.6,82.1,82.7,83.2,83.2,83.3,83.3,83.3,,
202,Improved sanitation facilities (% of population with access),SH.STA.ACSN,Uganda,UGA,,,,,,,,,,,,,,,,,,,,,,,,,13.2,13.5,13.7,13.9,14.2,14.4,14.6,14.9,15.1,15.3,15.6,15.8,16.0,16.3,16.5,16.8,17.0,17.3,17.5,17.8,18.0,18.3,18.5,18.8,19.0,19.1
203,Improved sanitation facilities (% of population with access),SH.STA.ACSN,Ukraine,UKR,,,,,,,,,,,,,,,,,,,,,,,,,,,,,94.5,94.5,94.5,94.5,94.5,94.6,94.7,94.7,94.8,94.9,95.0,95.1,95.2,95.3,95.4,95.5,95.6,95.7,95.8,95.8,95.9,95.9
204,Improved sanitation facilities (% of population with access),SH.STA.ACSN,United Arab Emirates,ARE,,,,,,,,,,,,,,,,,,,,,,,,,97.4,97.4,97.4,97.4,97.4,97.4,97.4,97.4,97.4,97.4,97.4,97.4,97.4,97.4,97.5,97.5,97.5,97.5,97.5,97.5,97.5,97.5,97.5,97.5,97.5,97.6
205,Improved sanitation facilities (% of population with access),SH.STA.ACSN,United Kingdom,GBR,,,,,,,,,,,,,,,,,,,,,,,,,99.2,99.2,99.2,99.2,99.2,99.2,99.2,99.2,99.2,99.2,99.2,99.2,99.2,99.2,99.2,99.2,99.2,99.2,99.2,99.2,99.2,99.2,99.2,99.2,99.2,99.2
206,Improved sanitation facilities (% of population with access),SH.STA.ACSN,United States,USA,,,,,,,,,,,,,,,,,,,,,,,,,99.5,99.5,99.6,99.6,99.6,99.6,99.7,99.7,99.7,99.7,99.7,99.8,99.8,99.8,99.8,99.8,99.9,99.9,99.9,99.9,99.9,100.0,100.0,100.0,100.0,100.0
207,Improved sanitation facilities (% of population with access),SH.STA.ACSN,Uruguay,URY,,,,,,,,,,,,,,,,,,,,,,,,,92.0,92.0,92.0,92.1,92.1,92.3,92.6,92.8,93.0,93.2,93.5,93.7,93.9,94.1,94.3,94.5,94.7,94.9,95.1,95.3,95.5,95.7,95.9,96.1,96.3,96.4
208,Improved sanitation facilities (% of population with access),SH.STA.ACSN,Uzbekistan,UZB,,,,,,,,,,,,,,,,,,,,,,,,,83.7,83.7,83.6,83.5,83.4,84.6,85.9,87.1,88.4,89.6,90.9,92.2,93.4,94.7,96.0,97.3,98.6,99.9,100.0,100.0,100.0,100.0,100.0,100.0,100.0,100.0
209,Improved sanitation facilities (% of population with access),SH.STA.ACSN,Vanuatu,VUT,,,,,,,,,,,,,,,,,,,,,,,,,,,35.4,35.5,35.5,35.6,35.7,37.2,38.7,40.2,41.7,43.1,44.6,46.1,47.6,49.1,50.5,52.0,53.5,54.9,56.4,57.8,57.9,57.9,57.9,57.9
210,Improved sanitation facilities (% of population with access),SH.STA.ACSN,"Venezuela, RB",VEN,,,,,,,,,,,,,,,,,,,,,,,,,82.1,82.8,83.4,84.1,84.7,85.3,85.9,86.5,87.1,87.7,88.3,88.8,89.3,89.8,90.3,90.7,91.2,91.7,92.1,92.6,93.0,93.5,94.0,94.4,94.4,94.4
211,Improved sanitation facilities (% of population with access),SH.STA.ACSN,Vietnam,VNM,,,,,,,,,,,,,,,,,,,,,,,,,36.2,37.9,39.6,41.2,42.9,44.6,46.2,47.9,49.5,51.2,52.9,54.6,56.3,58.0,59.7,61.4,63.0,64.7,66.4,68.1,69.7,71.4,73.1,74.7,76.3,78.0
212,Improved sanitation facilities (% of population with access),SH.STA.ACSN,Virgin Islands (U.S.),VIR,,,,,,,,,,,,,,,,,,,,,,,,,96.4,96.4,96.4,96.4,96.4,96.4,96.4,96.4,96.4,96.4,96.4,96.4,96.4,96.4,96.4,96.4,96.4,96.4,96.4,96.4,96.4,96.4,96.4,96.4,96.4,96.4
213,Improved sanitation facilities (% of population with access),SH.STA.ACSN,West Bank and Gaza,WBG,,,,,,,,,,,,,,,,,,,,,,,,,,86.8,86.9,86.9,87.0,87.0,87.3,87.7,88.0,88.3,88.6,88.9,89.2,89.5,89.9,90.2,90.5,90.7,91.0,91.3,91.6,91.9,92.2,92.3,92.3,92.3
214,Improved sanitation facilities (% of population with access),SH.STA.ACSN,"Yemen, Rep.",YEM,,,,,,,,,,,,,,,,,,,,,,,,,23.7,25.3,26.9,28.5,30.1,31.6,33.2,34.7,36.3,37.8,39.4,41.0,42.5,44.1,45.7,47.3,48.8,50.4,52.0,52.3,52.7,53.0,53.3,,,
215,Improved sanitation facilities (% of population with access),SH.STA.ACSN,Zambia,ZMB,,,,,,,,,,,,,,,,,,,,,,,,,40.6,40.6,40.5,40.5,40.5,40.5,40.5,40.5,40.5,40.5,40.6,40.7,41.0,41.2,41.5,41.7,41.9,42.2,42.4,42.6,42.8,43.0,43.2,43.5,43.7,43.9
216,Improved sanitation facilities (% of population with access),SH.STA.ACSN,Zimbabwe,ZWE,,,,,,,,,,,,,,,,,,,,,,,,,39.9,39.9,39.8,39.8,39.7,39.6,39.5,39.5,39.4,39.3,39.2,39.2,39.1,38.9,38.8,38.6,38.4,38.2,38.1,37.9,37.7,37.5,37.3,37.2,37.0,36.8
